filename,n,m,runs,avg_d_time,avg_s_time,avg_nv_time,avg_d_pops,avg_s_pops,avg_nv_pops,avg_in,avg_in_trans,avg_out,avg_pert,ratio_pert_m,ratio_pert_n,ratio_in_trans,ratio_spt_out,ratio_spt_in,ratio_pop_pert,runs_with_conflict,runs_with_misclassified_spt,mismatches
zi929,929,862112,100,58959.5,6939.58,11283.4,578.97,1118.78,969.2,241.4,156.66,872.12,1113.52,0.00129162,1.19862,0.267071,0.944819,0.0551811,0.915953,0,0,0
uy734,734,538022,100,36992.4,5454.74,9080.85,469.74,900.03,782.25,209.2,144.57,686.79,895.99,0.00166534,1.22069,0.285099,0.93984,0.0601598,0.921535,0,0,0
nu3496,3496,12218520,100,878490,33471.5,58116.4,2373.91,4658.71,4023.64,1093.33,747.5,3531.35,4624.68,0.000378498,1.32285,0.321229,0.939245,0.0607552,0.911707,0,0,0
rw1621,1621,2626020,100,179776,13332.1,22211,1026.7,2012,1735.9,457.56,309.89,1532.23,1989.79,0.000757721,1.22751,0.282908,0.943158,0.0568421,0.918745,0,0,0
wi29,29,812,100,258.23,175.24,341.19,17.59,27.72,26.11,6.1,3.59,23.55,29.65,0.0365148,1.02241,0.258859,0.9065,0.0935,0.929205,0,0,0
lu980,980,959420,100,58274.7,6709.03,10322.5,541.39,1066.03,887.48,206.41,153.15,776.86,983.27,0.00102486,1.00334,0.219993,0.965688,0.034312,0.94894,0,0,0
mu1979,1979,3914462,100,267683,16777.2,27596.3,1274.94,2520.48,2151.68,550.52,368.54,1913.47,2463.99,0.000629458,1.24507,0.278011,0.941707,0.0582929,0.91663,0,0,0
qa194,194,37442,100,3396.9,1315.1,2258.29,122.52,234.98,204.77,52.16,34.46,183.09,235.25,0.00628305,1.21263,0.251879,0.924444,0.0755556,0.918703,0,0,0
dj38,38,1406,100,305.56,199.35,396.81,21.55,36.85,33.2,9.19,6.15,28.82,38.01,0.0270341,1.00026,0.264064,0.915417,0.0845833,0.933499,0,0,0
