filename,n,m,runs,avg_d_time,avg_s_time,avg_nv_time,avg_d_pops,avg_s_pops,avg_nv_pops,avg_in,avg_in_trans,avg_out,avg_pert,ratio_pert_m,ratio_pert_n,ratio_in_trans,ratio_spt_out,ratio_spt_in,ratio_pop_pert,runs_with_conflict,runs_with_misclassified_spt,mismatches
zi929,929,862112,100,85678.1,3.01984e+06,3.90303e+06,929.37,515207,344131,159355,127994,216999,376354,0.436549,405.118,0.824288,0.952187,0.0478125,0.916675,0,0,0
uy734,734,538022,100,51344.7,1.53545e+06,1.75663e+06,734.35,268696,157430,74784.9,49885.6,108170,182955,0.340051,249.257,0.673982,0.99412,0.00587995,0.862294,0,0,0
nu3496,3496,12218520,100,1.50364e+06,7.13328e+07,6.13147e+07,3510.39,9.04145e+06,4.08766e+06,2.19711e+06,1.7639e+06,2.32704e+06,4.52415e+06,0.37027,1294.09,0.804013,0.838896,0.161104,0.904702,0,0,0
rw1621,1621,2626020,100,307909,1.20936e+07,1.27256e+07,1624.86,1.63504e+06,896248,486630,354474,543242,1.02987e+06,0.39218,635.331,0.737764,0.846932,0.153068,0.872251,0,0,0
wi29,29,812,29,217.448,1900.21,3259.41,29,418.138,284.759,178.379,125.207,180.276,358.655,0.441694,12.3674,0.694501,0.906404,0.0935961,0.794723,0,0,0
lu980,980,959420,100,103002,3.25576e+06,3.72887e+06,980,492517,286163,152807,99720.6,187299,340106,0.354491,347.047,0.657697,0.907211,0.0927886,0.845633,0,0,0
mu1979,1979,3914462,100,414217,1.97101e+07,2.02649e+07,1979.03,3.09895e+06,1.52102e+06,936160,699025,823927,1.76009e+06,0.449637,889.382,0.733609,0.830081,0.169919,0.861491,0,0,0
qa194,194,37442,100,3994.06,117805,146185,194,23377.8,13605,7132.9,5489.98,8288.36,15421.3,0.411871,79.491,0.787534,0.966736,0.0332642,0.888105,0,0,0
dj38,38,1406,38,283.868,3191.76,4536,38,714.895,399.789,254.079,178.079,251.711,505.789,0.359736,13.3102,0.714864,0.916785,0.0832148,0.795081,0,0,0
