filename,n,m,runs,avg_d_time,avg_s_time,avg_nv_time,avg_d_pops,avg_s_pops,avg_nv_pops,avg_in,avg_in_trans,avg_out,avg_pert,ratio_pert_m,ratio_pert_n,ratio_in_trans,ratio_spt_out,ratio_spt_in,ratio_pop_pert,runs_with_conflict,runs_with_misclassified_spt,mismatches
zi929,929,862112,100,52162.8,6266.47,9654.14,504.79,1007.93,842.13,193.23,133.74,748.34,941.57,0.00109217,1.01353,0.201011,0.9463,0.0537002,0.945061,0,0,0
uy734,734,538022,100,39567.8,6515.79,10120.2,523.32,1076.77,868.42,230.66,164.81,751.88,982.54,0.00182621,1.33861,0.33214,0.920151,0.0798492,0.91906,0,0,0
nu3496,3496,12218520,100,767004,28612.1,47730.5,2067.94,4108.8,3451.72,830.14,574.59,3054.03,3884.17,0.000317892,1.11103,0.243862,0.961383,0.0386171,0.933565,0,0,0
rw1621,1621,2626020,100,156629,10372.9,17405.6,855.43,1583.29,1437.9,302.78,193.23,1329.11,1631.89,0.000621431,1.00672,0.19043,0.962046,0.0379539,0.935544,0,0,0
wi29,29,812,100,276.75,210.63,392.72,19.43,34.15,29.37,8.23,5.53,25.42,33.65,0.0414409,1.16034,0.294392,0.886952,0.113048,0.919024,0,0,0
lu980,980,959420,100,63404.1,7177.13,11558.7,587.06,1134.39,982.97,232.63,159.33,877.7,1110.33,0.00115729,1.13299,0.24669,0.942176,0.0578242,0.931406,0,0,0
mu1979,1979,3914462,100,271799,16227.6,27617,1268.17,2426.13,2143.03,535.65,352.09,1930.78,2466.43,0.000630081,1.2463,0.282049,0.950027,0.0499733,0.913751,0,0,0
qa194,194,37442,100,3496.52,1352.13,2325.52,129.68,248.76,213.27,55.28,38.5,188.41,243.69,0.00650847,1.25613,0.332583,0.929493,0.0705067,0.910709,0,0,0
dj38,38,1406,100,353.57,228.46,423.45,21.75,38.45,32.69,7.41,5.49,28.4,35.81,0.0254694,0.942368,0.276984,0.89131,0.10869,0.949925,0,0,0
