filename,n,m,runs,avg_d_time,avg_s_time,avg_nv_time,avg_d_pops,avg_s_pops,avg_nv_pops,avg_nvq_pops,avg_in,avg_in_trans,avg_out,avg_pert,ratio_pert_m,ratio_pert_n,ratio_in_trans,ratio_spt_out,ratio_spt_in,ratio_pop_pert,runs_with_conflict,runs_with_misclassified_spt,mismatches
uy734,734,538022,100,23856.9,2285.77,3643.71,452.27,872.11,755.27,252.44,73.3,73.3,678.84,752.14,0.00139797,1.02471,0.52,0.946592,0.0534076,0.998193,0,0,0
qa194,194,37442,100,2344.77,729.08,1116.35,145.47,298.56,241.47,91.77,29.01,29.01,207.61,236.62,0.00631964,1.21969,0.65,0.922012,0.0779881,1.00938,0,0,0
zi929,929,862112,100,41778.2,2546.73,4144.23,511.05,945.71,862.21,252.54,67.34,67.34,793.87,861.21,0.000998954,0.927029,0.42,0.95125,0.04875,0.997164,0,0,0
dj38,38,1406,100,153.5,95.77,158.93,20.96,37.17,32.78,8.89,2.37,2.37,30.09,32.46,0.0230868,0.854211,0.3,0.923667,0.0763333,1.00136,0,0,0
lu980,980,959420,100,44815.2,2591.8,4069.52,505.07,959.63,842.08,252.48,78.16,78.16,761.01,839.17,0.000874664,0.856296,0.37,0.956861,0.0431389,0.997435,0,0,0
rw1621,1621,2626020,100,178569,5956.7,9693.6,1079.87,2132.04,1820.35,679.02,203.62,203.62,1597.17,1800.79,0.000685749,1.11091,0.53,0.942056,0.0579441,1.00275,0,0,0
nu3496,3496,12218520,100,740267,10095.7,18529.3,1838.29,3457,3092.76,1003.49,287.38,287.38,2774.07,3061.45,0.000250558,0.875701,0.4,0.956336,0.0436642,1.00181,0,0,0
mu1979,1979,3914462,100,252756,6118.06,10435.2,1147.3,2136.15,1942.24,599.3,155.63,155.63,1788.31,1943.94,0.000496605,0.982284,0.49,0.958795,0.0412049,0.995295,0,0,0
wi29,29,812,100,116.03,83.3,144.77,18.14,31.24,28.72,9.08,2.83,2.83,25.9,28.73,0.0353818,0.99069,0.4,0.911857,0.0881429,0.99757,0,0,0
