filename,n,m,runs,avg_d_time,avg_s_time,avg_nv_time,avg_d_pops,avg_s_pops,avg_nv_pops,avg_in,avg_in_trans,avg_out,avg_pert,ratio_pert_m,ratio_pert_n,ratio_in_trans,ratio_spt_out,ratio_spt_in,ratio_pop_pert,runs_with_conflict,runs_with_misclassified_spt,mismatches
zi929,929,862112,100,129962,41254.9,32757,5973.01,6871.81,2587.06,976.14,969.61,1543.19,2519.33,0.00292228,2.71187,0.993393,0.689849,0.310151,1.02696,0,0,0
uy734,734,538022,100,81121.5,31569.1,25135.6,4527.5,5320.57,2006.5,729.37,723.89,1214.89,1944.26,0.00361372,2.64886,0.992493,0.695157,0.304843,1.03209,0,0,0
nu3496,3496,12218520,100,1.67236e+06,193235,140608,27117.1,28179,9661.74,3498.76,3488.01,5740.08,9238.84,0.000756134,2.64269,0.996928,0.691142,0.308858,1.04578,0,0,0
rw1621,1621,2626020,100,380918,94204.3,61019.9,11275.9,14757,4532.81,1607.98,1605.35,2710.86,4318.84,0.00164463,2.66431,0.998364,0.695975,0.304025,1.04958,0,0,0
wi29,29,812,29,458.69,443.552,754.586,86,91.069,62.0345,25.6897,23.5517,41.6897,67.3793,0.0829794,2.32342,0.922461,0.697044,0.302956,0.924209,0,0,0
lu980,980,959420,100,144250,50336.7,34771.4,6340.98,8296.88,2717.19,986.47,984.42,1606.22,2592.69,0.00270235,2.6456,0.997942,0.690317,0.309683,1.0481,0,0,0
mu1979,1979,3914462,100,556279,91486.5,75012.3,14191.6,14046.3,5409,1956.96,1941.94,3275.47,5232.43,0.00133669,2.64398,0.992343,0.694211,0.305789,1.03379,0,0,0
qa194,194,37442,100,8229.74,5012.85,5869.96,935.75,930.3,481.65,189.27,183.32,301.65,490.92,0.0131115,2.53052,0.969324,0.690829,0.309171,0.981404,0,0,0
dj38,38,1406,38,773.684,1029.97,1218,123.868,196.237,89.1316,42.6316,41.0526,52.6579,95.2895,0.0677735,2.50762,0.963558,0.668563,0.331437,0.935947,0,0,0
