filename,n,m,runs,avg_d_time,avg_s_time,avg_nv_time,avg_d_pops,avg_s_pops,avg_nv_pops,avg_in,avg_in_trans,avg_out,avg_pert,ratio_pert_m,ratio_pert_n,ratio_in_trans,ratio_spt_out,ratio_spt_in,ratio_pop_pert,runs_with_conflict,runs_with_misclassified_spt,mismatches
zi929,929,862112,100,129880,40628,32235.2,5960.63,6797.23,2556.62,945.32,939.61,1524.7,2470.02,0.00286508,2.65879,0.993993,0.693491,0.306509,1.03513,0,0,0
uy734,734,538022,100,80646.5,29331.1,24932.2,4529.87,4959.25,1997.81,739.44,732.76,1199.89,1939.33,0.00360456,2.64214,0.99102,0.691214,0.308786,1.03023,0,0,0
nu3496,3496,12218520,100,1.67471e+06,188314,141539,27074.5,27383.5,9721.74,3565.64,3551.02,5775.7,9341.34,0.000764523,2.67201,0.995906,0.690627,0.309373,1.04074,0,0,0
rw1621,1621,2626020,100,382357,78122.2,60825.7,11311.1,12053.4,4476.78,1628.84,1619.12,2685.02,4313.86,0.00164274,2.66123,0.994051,0.690185,0.309815,1.0378,0,0,0
wi29,29,812,29,523.517,486.241,836.207,85.5517,85.5172,60.5517,21.6552,20.3793,41.2759,62.931,0.0775013,2.17004,0.942668,0.716749,0.283251,0.964566,0,0,0
lu980,980,959420,100,145005,42780.8,34600.3,6310.49,6988.72,2675.22,965.3,958.32,1624.03,2589.33,0.00269885,2.64217,0.99279,0.69379,0.30621,1.0332,0,0,0
mu1979,1979,3914462,100,554193,106267,75159.1,14191.6,16389.6,5495.73,1979.65,1972.81,3291.22,5270.87,0.00134651,2.6634,0.996552,0.694424,0.305576,1.04268,0,0,0
qa194,194,37442,100,8065.68,6043.17,6226.78,933.11,1135.74,525.51,196.47,193.38,325.51,521.98,0.013941,2.69062,0.984514,0.698135,0.301865,1.00715,0,0,0
dj38,38,1406,38,669.947,756.447,1115.74,119.105,151.816,88.2368,39.4211,37.2368,54.8421,94.2632,0.0670435,2.48061,0.946688,0.687767,0.312233,0.936187,0,0,0
