Edge weight distribution,spt,src_dst
Exponential,0.010966072266666666,0.004691024586666667
Geometric,0.3536426,0.11041649333333332
Random,0.011414781933333333,0.004536718066666666
