Edge weight distribution,spt,src_dst
Exponential,2.5443753333333334,0.9901944000000001
Geometric,1331.5241953333332,412.2225260000001
Random,2.5652419999999996,0.9982875333333332
