Edge weight distribution,spt,src_dst
Exponential,1.0038568591923884,1.0031662517414281
Random,1.0029485301176384,1.0025371293854461
Uniform,1.002864257289953,1.0024425826730268
