Edge weight distribution,spt,src_dst
Exponential,0.9856700909090909,0.4570179999999999
Random,0.9868831818181818,0.4528548181818182
Uniform,0.9866600909090909,0.4533838181818181
