Edge weight distribution,spt,src_dst
Exponential,0.9893696263668161,0.4584012207253751
Random,0.9897238387960282,0.453945215645852
Uniform,0.989425682482069,0.4544338284872493
