Edge weight distribution,spt,src_dst
Exponential,1.0233830294193433,10.556392768338048
Random,1.0231098075649632,10.561781674180097
Uniform,1.0233076092564946,10.66543848874454
