Edge weight distribution,spt,src_dst
Exponential,2.1208163636363637,0.9832120000000001
Random,2.123446363636363,0.974193090909091
Uniform,2.122967272727273,0.9753518181818183
