Edge weight distribution,spt,src_dst
Exponential,0.011622563042482435,0.00471577397276424
Geometric,0.3538515637120255,0.11012149943006554
Random,0.01237973042289908,0.004643562275313397
