Edge weight distribution,spt,src_dst
Exponential,1.0649785297229248,1.0069160431057855
Geometric,1.000674806482805,0.9973119152256686
Random,1.0689575020736262,1.0093225312329268
