Edge weight distribution,spt,src_dst
Exponential,2.290936995256019,19.639389640632867
Geometric,30.38702862747037,17.53880566873193
Random,2.2211218460074327,19.283118538653948
