filename,n,m,runs,avg_d_time,avg_s_time,avg_nv_time,avg_d_pops,avg_s_pops,avg_nv_pops,avg_nvq_pops,avg_in,avg_in_trans,avg_out,avg_pert,ratio_pert_m,ratio_pert_n,ratio_in_trans,ratio_spt_out,ratio_spt_in,ratio_pop_pert,runs_with_conflict,runs_with_misclassified_spt,mismatches
uy734,734,538022,100,22570.4,153148,231106,390.95,66972.1,57344.4,22937.8,4960.75,4960.75,52488,57448.7,0.106778,78.268,0.52,1,0,0.998435,0,0,0
qa194,194,37442,100,1457.48,9532.7,15649.8,89.46,4525.34,3878.65,1865.31,401.55,401.55,3499.83,3901.38,0.104198,20.1102,0.42,0.98,0.02,0.995641,0,0,0
zi929,929,862112,100,36121.2,271697,437046,439.51,115963,101501,48112.8,11479.6,11479.6,90126.9,101606,0.117858,109.372,0.44,0.95,0.05,0.999225,0,0,0
dj38,38,1406,100,104.43,356.81,569.79,19.73,177.27,133.44,65.42,18.5,18.5,116.53,135.03,0.0960384,3.55342,0.41,0.97,0.03,0.990224,0,0,0
lu980,980,959420,100,43363,267091,379888,470.51,105277,84142,37599.4,8946.08,8946.08,75280.1,84226.2,0.0877887,85.9451,0.42,0.966667,0.0333333,0.999316,0,0,0
rw1621,1621,2626020,100,151324,1.02625e+06,1.39875e+06,803.37,372019,283170,138768,39432.9,39432.9,243891,283324,0.107891,174.783,0.46,0.888333,0.111667,0.999575,0,0,0
nu3496,3496,12218520,100,806516,5.2275e+06,6.17996e+06,1815.9,1.80269e+06,1.28995e+06,500667,168309,168309,1.12207e+06,1.29038e+06,0.105609,369.102,0.55,0.913333,0.0866667,0.999695,0,0,0
mu1979,1979,3914462,100,196733,1.75729e+06,2.01873e+06,964.31,729950,477980,201714,96953.8,96953.8,381200,478154,0.122151,241.614,0.44,0.85,0.15,0.99963,0,0,0
wi29,29,812,100,73.72,246,455.51,14.29,121.39,97.37,62.65,16.53,16.53,82.51,99.04,0.12197,3.41517,0.37,0.88,0.12,0.987518,0,0,0
