filename,n,m,runs,avg_d_time,avg_s_time,avg_nv_time,avg_d_pops,avg_s_pops,avg_nv_pops,avg_in,avg_in_trans,avg_out,avg_pert,ratio_pert_m,ratio_pert_n,ratio_in_trans,ratio_spt_out,ratio_spt_in,ratio_pop_pert,runs_with_conflict,runs_with_misclassified_spt,mismatches
zi929,929,862112,100,40487.3,649058,1.10123e+06,439.51,115963,101501,48008.6,11667.8,90126.9,138135,0.160229,148.693,0.0897845,0.95,0.05,0.877779,0,0,0
uy734,734,538022,100,28101.3,366431,580266,390.95,66972.1,57344.4,22848,5112.28,52488,75336,0.140024,102.638,0.0750178,1,0,0.8693,0,0,0
nu3496,3496,12218520,100,755053,1.35227e+07,1.64892e+07,1815.9,1.80269e+06,1.28995e+06,500230,169203,1.12207e+06,1.6223e+06,0.132774,464.045,0.12276,0.913333,0.0866667,0.888357,0,0,0
rw1621,1621,2626020,100,154800,2.66026e+06,3.75249e+06,803.37,372019,283170,138563,39808.2,243891,382453,0.14564,235.937,0.0958526,0.888333,0.111667,0.876629,0,0,0
wi29,29,812,100,130.48,536.61,1101.82,14.29,121.39,97.37,60.26,21.83,82.51,142.77,0.175825,4.9231,0.118165,0.88,0.12,0.851509,0,0,0
lu980,980,959420,100,50278.1,674476,994752,470.51,105277,84142,37489.2,9140.46,75280.1,112769,0.117539,115.071,0.0763136,0.966667,0.0333333,0.885636,0,0,0
mu1979,1979,3914462,100,208485,4.50533e+06,5.42955e+06,964.31,729950,477980,201499,97417.2,381200,582699,0.148858,294.441,0.14156,0.85,0.15,0.914203,0,0,0
qa194,194,37442,100,2254.39,22197.4,38871.7,89.46,4525.34,3878.65,1846.2,434.03,3499.83,5346.03,0.142782,27.5569,0.0816777,0.98,0.02,0.870558,0,0,0
dj38,38,1406,100,184.29,784.26,1419.1,19.73,177.27,133.44,61.22,25.86,116.53,177.75,0.126422,4.67763,0.165247,0.97,0.03,0.874921,0,0,0
